{
  "ask anything": {
    "meta/llama3-8b-instruct": {
      "uses": 1,
      "avg_latency": 0.957,
      "avg_cost": 0.00038,
      "success_rate": 1
    },
    "meta/llama3-70b-instruct": {
      "uses": 1,
      "avg_latency": 1.858,
      "avg_cost": 0.00044,
      "success_rate": 1
    },
    "gpt-oss-120b": {
      "uses": 2,
      "avg_latency": 0.186,
      "avg_cost": 0.000030000000000000004,
      "success_rate": 0
    },
    "nemotron-3-super-120b": {
      "uses": 3,
      "avg_latency": 0.10766666666666667,
      "avg_cost": 0.000030000000000000008,
      "success_rate": 0
    }
  },
  "ask a riddle": {
    "meta-llama/llama-3-8b-instruct": {
      "uses": 1,
      "avg_latency": 1.596,
      "avg_cost": 0.00048000000000000007,
      "success_rate": 1
    }
  },
  "ask a puzzle": {
    "meta/llama3-8b-instruct": {
      "uses": 1,
      "avg_latency": 4.423,
      "avg_cost": 0.0024100000000000002,
      "success_rate": 1
    }
  },
  "ask a brainteaser": {
    "meta/llama3-70b-instruct": {
      "uses": 1,
      "avg_latency": 3.343,
      "avg_cost": 0.0011200000000000001,
      "success_rate": 1
    }
  },
  "ask a": {
    "gpt-oss-120b": {
      "uses": 1,
      "avg_latency": 0.469,
      "avg_cost": 0.000030000000000000004,
      "success_rate": 0
    }
  },
  "as": {
    "nemotron-3-super-120b": {
      "uses": 1,
      "avg_latency": 1.887,
      "avg_cost": 0.000030000000000000004,
      "success_rate": 0
    }
  },
  "story": {
    "gpt-oss-120b": {
      "uses": 3,
      "avg_latency": 0.084,
      "avg_cost": 0.000030000000000000008,
      "success_rate": 0
    },
    "nemotron-3-super-120b": {
      "uses": 2,
      "avg_latency": 0.0405,
      "avg_cost": 0.000030000000000000004,
      "success_rate": 0
    }
  },
  "ask": {
    "openchat/openchat-3.5": {
      "uses": 8,
      "avg_latency": 0.3415,
      "avg_cost": 0.00003,
      "success_rate": 0
    },
    "meta/llama3-8b-instruct": {
      "uses": 1,
      "avg_latency": 2.596,
      "avg_cost": 0.00059,
      "success_rate": 1
    },
    "Deepseek -v3.2": {
      "uses": 25,
      "avg_latency": 0.16488,
      "avg_cost": 0.000029999999999999997,
      "success_rate": 0
    },
    "meta/llama3-70b-instruct": {
      "uses": 1,
      "avg_latency": 0.965,
      "avg_cost": 0.00015000000000000001,
      "success_rate": 1
    }
  }
}