{
  "short": {
    "meta/llama3-8b-instruct": {
      "uses": 3,
      "reward": 158.49699618389528
    },
    "meta/llama3-70b-instruct": {
      "uses": 3,
      "reward": 326.8628234481782
    },
    "meta-llama/llama-3-8b-instruct": {
      "uses": 1,
      "reward": 208.69562774753612
    },
    "gpt-oss-120b": {
      "uses": 6,
      "reward": 3226.109738512572
    },
    "nemotron-3-super-120b": {
      "uses": 6,
      "reward": 3226.109788592648
    },
    "openchat/openchat-3.5": {
      "uses": 10,
      "reward": 3226.0908537568625
    },
    "Deepseek -v3.2": {
      "uses": 25,
      "reward": 3226.1343462905734
    },
    "meta-llama/llama-3-70b-instruct": {
      "uses": 2,
      "reward": 434.47872273959945
    }
  }
}